{
  "summary": {
    "total_files": 34,
    "swift_files_count": 24,
    "objc_files_count": 2,
    "swift_files": [
      "bmevideo/BMEApplication.swift",
      "__MACOSX/bmevideo/._BMEApplication.swift",
      "bmevideo/PlayerPool.swift",
      "__MACOSX/bmevideo/._PlayerPool.swift",
      "bmevideo/BMEVideoPlayerManager.swift",
      "__MACOSX/bmevideo/._BMEVideoPlayerManager.swift",
      "bmevideo/BMEEventEmitter.swift",
      "__MACOSX/bmevideo/._BMEEventEmitter.swift",
      "bmevideo/PreloadManager.swift",
      "__MACOSX/bmevideo/._PreloadManager.swift",
      "bmevideo/BMEPreloadModule.swift",
      "__MACOSX/bmevideo/._BMEPreloadModule.swift",
      "bmevideo/PlayerEventListener.swift",
      "__MACOSX/bmevideo/._PlayerEventListener.swift",
      "bmevideo/BMEVideoPlayerView.swift",
      "__MACOSX/bmevideo/._BMEVideoPlayerView.swift",
      "bmevideo/BMEVideoPlayerPackage.swift",
      "__MACOSX/bmevideo/._BMEVideoPlayerPackage.swift",
      "bmevideo/CacheProvider.swift",
      "__MACOSX/bmevideo/._CacheProvider.swift",
      "bmevideo/BMEVideoPlayer.swift",
      "__MACOSX/bmevideo/._BMEVideoPlayer.swift",
      "bmevideo/BMEVideoPlayerEvent.swift",
      "__MACOSX/bmevideo/._BMEVideoPlayerEvent.swift"
    ],
    "objc_files": [
      "bmevideo/BMEVideo-Bridging-Header.h",
      "__MACOSX/bmevideo/._BMEVideo-Bridging-Header.h"
    ],
    "xcodeproj_items": [],
    "root_listing": [
      "bmevideo",
      "__MACOSX"
    ]
  },
  "swift_heads": {
    "bmevideo/BMEApplication.swift": "import Foundation\nimport UIKit\n\nclass BMEApplication {\n  static func registerLifecycleObservers() {\n    NotificationCenter.default.addObserver(self, selector: #selector(willResign), name: UIApplication.willResignActiveNotification, object: nil)\n    NotificationCenter.default.addObserver(self, selector: #selector(didBecome), name: UIApplication.didBecomeActiveNotification, object: nil)\n  }\n\n  @objc static func willResign() {\n    // handle background pause logic if needed\n  }\n\n  @objc static func didBecome() {\n    // handle resume logic\n  }\n}\n",
    "__MACOSX/bmevideo/._BMEApplication.swift": "\u0000\u0005\u0016\u0007\u0000\u0002\u0000\u0000Mac OS X        \u0000\u0002\u0000\u0000\u0000\t\u0000\u0000\u00002\u0000\u0000\u0000~\u0000\u0000\u0000\u0002\u0000\u0000\u0000\u0000\u0000\u0000\u0000\u0000\u0000\u0000\u0000\u0000\u0000\u0000\u0000\u0000\u0000\u0000\u0000\u0000\u0000\u0000\u0000\u0000\u0000\u0000\u0000\u0000\u0000\u0000\u0000\u0000\u0000\u0000\u0000\u0000\u0000\u0000\u0000\u0000\u0000ATTR\u0000\u0000\u0000\u0000\u0000\u0000\u0000\u0000\u0000\u0000\u0000\u0000\u0000\u0018\u0000\u0000\u0000\u0000\u0000\u0000\u0000\u0000\u0000\u0000\u0000\u0000\u0000\u0000\u0000\u0001\u0000\u0000\u0000\u0000\u0000\u0000\u0018\u0000\u0000\u0015com.apple.quarantine\u0000q/0081;68b55d64;Chrome;\u0000",
    "bmevideo/PlayerPool.swift": "import Foundation\n\nclass PlayerPool {\n  static let shared = PlayerPool()\n  private var pool: [BMEVideoPlayer] = []\n  private let lock = NSLock()\n\n  func acquire() -> BMEVideoPlayer {\n    lock.lock(); defer { lock.unlock() }\n    if let p = pool.popLast() { return p }\n    return BMEVideoPlayer()\n  }\n\n  func release(_ p: BMEVideoPlayer) {\n    p.release()\n    lock.lock(); defer { lock.unlock() }\n    pool.append(p)\n  }\n}\n",
    "__MACOSX/bmevideo/._PlayerPool.swift": "\u0000\u0005\u0016\u0007\u0000\u0002\u0000\u0000Mac OS X        \u0000\u0002\u0000\u0000\u0000\t\u0000\u0000\u00002\u0000\u0000\u0000~\u0000\u0000\u0000\u0002\u0000\u0000\u0000\u0000\u0000\u0000\u0000\u0000\u0000\u0000\u0000\u0000\u0000\u0000\u0000\u0000\u0000\u0000\u0000\u0000\u0000\u0000\u0000\u0000\u0000\u0000\u0000\u0000\u0000\u0000\u0000\u0000\u0000\u0000\u0000\u0000\u0000\u0000\u0000\u0000\u0000ATTR\u0000\u0000\u0000\u0000\u0000\u0000\u0000\u0000\u0000\u0000\u0000\u0000\u0000\u0018\u0000\u0000\u0000\u0000\u0000\u0000\u0000\u0000\u0000\u0000\u0000\u0000\u0000\u0000\u0000\u0001\u0000\u0000\u0000\u0000\u0000\u0000\u0018\u0000\u0000\u0015com.apple.quarantine\u0000q/0081;68b55d64;Chrome;\u0000",
    "bmevideo/BMEVideoPlayerManager.swift": "import Foundation\nimport React\n\n@objc(BMEVideoPlayer) // <- explicit export name must match requireNativeComponent\nclass BMEVideoPlayerManager: RCTViewManager {\n\n    override static func requiresMainQueueSetup() -> Bool {\n        return true\n    }\n\n    override func view() -> UIView! {\n        return BMEVideoPlayerView()\n    }\n\n    @objc override func constantsToExport() -> [AnyHashable : Any]! {\n        return [\"Events\": [\n            BMEVideoPlayerEvent.onLoad,\n            BMEVideoPlayerEvent.onProgress,\n            BMEVideoPlayerEvent.onBuffer,\n            BMEVideoPlayerEvent.onError,\n            BMEVideoPlayerEvent.onEnd\n        ]]\n    }\n\n    // MARK: - Commands\n    @objc func setSource(_ reactTag: NSNumber, src: NSDictionary) {\n        bridge.uiManager.addUIBlock { _, viewRegistry in\n            (viewRegistry?[reactTag] as? BMEVideoPlayerView)?.setSource(src)\n        }\n    }\n\n    @objc func play(_ reactTag: NSNumber) {\n        bridge.uiManager.addUIBlock { _, viewRegistry in\n            (viewRegistry?[reactTag] as? BMEVideoPlayerView)?.play()\n        }\n    }\n\n    @objc func pause(_ reactTag: NSNumber) {\n        bridge.uiManager.addUIBlock { _, viewRegistry in\n            (viewRegistry?[reactTag] as? BMEVideoPlayerView)?.pause()\n",
    "__MACOSX/bmevideo/._BMEVideoPlayerManager.swift": "\u0000\u0005\u0016\u0007\u0000\u0002\u0000\u0000Mac OS X        \u0000\u0002\u0000\u0000\u0000\t\u0000\u0000\u00002\u0000\u0000\u0001[\u0000\u0000\u0000\u0002\u0000\u0000\u0001\u0000\u0000\u0000\u0000\u0000\u0000\u0000\u0000\u0000\u0000\u0000\u0000\u0000\u0000\u0000\u0000\u0000\u0000\u0000\u0000\u0000\u0000\u0000\u0000\u0000\u0000\u0000\u0000\u0000\u0000\u0000\u0000\u0000\u0000\u0000\u0000\u0000\u0000ATTR\u0000\u0000\u0000\u0000\u0000\u0000\u0001\u0000\u0000\u0000\u0000\u0000\u0000\u0000\u0000\u0000\u0000\u0000\u0000\u0000\u0000\u0000\u0000\u0000\u0000\u0000\u0000\u0000\u0002\u0000\u0000\u0000\u0000\u0000\u0000\u0010\u0000\u0000\u001acom.apple.lastuseddate#PS\u0000\u0000\u0000\u0000\u0000\u0000\u0000\u0000\u0000\u0000\u0000\u00007com.apple.metadata:kMDLabel_lsp2ktzdpeg7rsilbgjz6ayuuu\u0000\u0000\u0000fh\u0000\u0000\u0000\u0000\u0019^*\u0000\u0000\u0000\u0000}J;M\u0007}/_`UP<|#y\u0001*:!A~nrL\u0005y=}5N.\u001bz\u001fJ\u007fk;\u00152\fJ3C\u04c0B.\u0004Ug\u0016A\u007f$~\u001c<Os\u000e\uc3a5+eJ~\u03c0_lC7<d\u0000\u0001yr",
    "bmevideo/BMEEventEmitter.swift": "import Foundation\nimport React\n\n@objc(BMEEventEmitter)\nclass BMEEventEmitter: RCTEventEmitter {\n\n  private var hasListeners = false\n\n  // MARK: - RCTEventEmitter overrides\n\n  override func supportedEvents() -> [String] {\n    return [\n      BMEVideoPlayerEvent.onLoad,\n      BMEVideoPlayerEvent.onProgress,\n      BMEVideoPlayerEvent.onBuffer,\n      BMEVideoPlayerEvent.onError,\n      BMEVideoPlayerEvent.onEnd,\n      BMEVideoPlayerEvent.onReady\n    ]\n  }\n\n  override func startObserving() {\n    hasListeners = true\n  }\n\n  override func stopObserving() {\n    hasListeners = false\n  }\n\n  @objc func send(_ name: String, body: [String: Any]) {\n    if hasListeners {\n      sendEvent(withName: name, body: body)\n    }\n  }\n\n  @objc override static func requiresMainQueueSetup() -> Bool {\n    return true\n  }\n}\n",
    "__MACOSX/bmevideo/._BMEEventEmitter.swift": "\u0000\u0005\u0016\u0007\u0000\u0002\u0000\u0000Mac OS X        \u0000\u0002\u0000\u0000\u0000\t\u0000\u0000\u00002\u0000\u0000\u0001K\u0000\u0000\u0000\u0002\u0000\u0000\u0001}\u0000\u0000\u0000\u0000\u0000\u0000\u0000\u0000\u0000\u0000\u0000\u0000\u0000\u0000\u0000\u0000\u0000\u0000\u0000\u0000\u0000\u0000\u0000\u0000\u0000\u0000\u0000\u0000\u0000\u0000\u0000\u0000\u0000\u0000\u0000\u0000\u0000\u0000ATTR\u0000\u0000\u0000\u0000\u0000\u0000\u0001}\u0000\u0000\u0000\u0000\u0000\u0000\u0000\u0000\u0000\u0000\u0000\u0000\u0000\u0000\u0000\u0000\u0000\u0000\u0000\u0000\u0000\u0002\u0000\u0000\u0000\u0000\u0000\u0000\u0010\u0000\u0000\u001acom.apple.lastuseddate#PS\u0000\u0000\u0000\u0000\u0000\u0000\u0000\u0000\u0000\u0000\u0000\u00007com.apple.metadata:kMDLabel_lsp2ktzdpeg7rsilbgjz6ayuuu\u0000\u0000\u0000ch\u0000\u0000\u0000\u0000#.\u0000\u0000\u0000\u0000<)2F|u\u001d\u0104\u0012U\udad2\udd10-Z6](&CKG \u0003\n\u0019XU[\u0585\t$\u0018L{S:B\\\u000b>W\u0018\u0016W\u00188mA\u0013O]\u0010\u21fdOdU\uca51p'cL7*SI\u02db",
    "bmevideo/PreloadManager.swift": "import Foundation\n\n@objc(PreloadManager)\nclass PreloadManager: NSObject, URLSessionDownloadDelegate {\n  @objc static let shared = PreloadManager()\n  private var tasks: [URL: URLSessionDownloadTask] = [:]\n  private lazy var session: URLSession = {\n    let cfg = URLSessionConfiguration.default\n    return URLSession(configuration: cfg, delegate: self, delegateQueue: nil)\n  }()\n\n  @objc func preload(_ urlString: String) {\n    guard let url = URL(string: urlString) else { return }\n    if CacheProvider.shared.exists(url) { return }\n    if tasks[url] != nil { return }\n    let task = session.downloadTask(with: url)\n    tasks[url] = task\n    task.resume()\n  }\n\n  func urlSession(_ session: URLSession, downloadTask: URLSessionDownloadTask, didFinishDownloadingTo location: URL) {\n    guard let original = downloadTask.originalRequest?.url else { return }\n    do {\n      let data = try Data(contentsOf: location)\n      try CacheProvider.shared.save(data: data, for: original)\n    } catch {\n      // ignore for now\n    }\n    tasks[original] = nil\n  }\n\n  @objc func cancel(_ urlString: String) {\n    guard let url = URL(string: urlString), let task = tasks[url] else { return }\n    task.cancel()\n    tasks[url] = nil\n  }\n}\n",
    "__MACOSX/bmevideo/._PreloadManager.swift": "\u0000\u0005\u0016\u0007\u0000\u0002\u0000\u0000Mac OS X        \u0000\u0002\u0000\u0000\u0000\t\u0000\u0000\u00002\u0000\u0000\u0000~\u0000\u0000\u0000\u0002\u0000\u0000\u0000\u0000\u0000\u0000\u0000\u0000\u0000\u0000\u0000\u0000\u0000\u0000\u0000\u0000\u0000\u0000\u0000\u0000\u0000\u0000\u0000\u0000\u0000\u0000\u0000\u0000\u0000\u0000\u0000\u0000\u0000\u0000\u0000\u0000\u0000\u0000\u0000\u0000\u0000ATTR\u0000\u0000\u0000\u0000\u0000\u0000\u0000\u0000\u0000\u0000\u0000\u0000\u0000\u0018\u0000\u0000\u0000\u0000\u0000\u0000\u0000\u0000\u0000\u0000\u0000\u0000\u0000\u0000\u0000\u0001\u0000\u0000\u0000\u0000\u0000\u0000\u0018\u0000\u0000\u0015com.apple.quarantine\u0000q/0081;68b55d64;Chrome;\u0000",
    "bmevideo/BMEPreloadModule.swift": "import Foundation\n\n@objc(BMEPreloadModule)\nclass BMEPreloadModule: NSObject {\n  @objc static func requiresMainQueueSetup() -> Bool { return false }\n\n  @objc func preload(_ url: NSString) {\n    PreloadManager.shared.preload(url as String)\n  }\n\n  @objc func cancel(_ url: NSString) {\n    PreloadManager.shared.cancel(url as String)\n  }\n}\n",
    "__MACOSX/bmevideo/._BMEPreloadModule.swift": "\u0000\u0005\u0016\u0007\u0000\u0002\u0000\u0000Mac OS X        \u0000\u0002\u0000\u0000\u0000\t\u0000\u0000\u00002\u0000\u0000\u0000~\u0000\u0000\u0000\u0002\u0000\u0000\u0000\u0000\u0000\u0000\u0000\u0000\u0000\u0000\u0000\u0000\u0000\u0000\u0000\u0000\u0000\u0000\u0000\u0000\u0000\u0000\u0000\u0000\u0000\u0000\u0000\u0000\u0000\u0000\u0000\u0000\u0000\u0000\u0000\u0000\u0000\u0000\u0000\u0000\u0000ATTR\u0000\u0000\u0000\u0000\u0000\u0000\u0000\u0000\u0000\u0000\u0000\u0000\u0000\u0018\u0000\u0000\u0000\u0000\u0000\u0000\u0000\u0000\u0000\u0000\u0000\u0000\u0000\u0000\u0000\u0001\u0000\u0000\u0000\u0000\u0000\u0000\u0018\u0000\u0000\u0015com.apple.quarantine\u0000q/0081;68b55d64;Chrome;\u0000",
    "bmevideo/PlayerEventListener.swift": "import Foundation\n\nprotocol PlayerEventListener: AnyObject {\n  func onLoad(duration: Double, width: Int, height: Int)\n  func onProgress(currentTime: Double, duration: Double)\n  func onBuffer(_ buffering: Bool)\n  func onError(_ message: String)\n  func onEnd()\n}\n",
    "__MACOSX/bmevideo/._PlayerEventListener.swift": "\u0000\u0005\u0016\u0007\u0000\u0002\u0000\u0000Mac OS X        \u0000\u0002\u0000\u0000\u0000\t\u0000\u0000\u00002\u0000\u0000\u0000~\u0000\u0000\u0000\u0002\u0000\u0000\u0000\u0000\u0000\u0000\u0000\u0000\u0000\u0000\u0000\u0000\u0000\u0000\u0000\u0000\u0000\u0000\u0000\u0000\u0000\u0000\u0000\u0000\u0000\u0000\u0000\u0000\u0000\u0000\u0000\u0000\u0000\u0000\u0000\u0000\u0000\u0000\u0000\u0000\u0000ATTR\u0000\u0000\u0000\u0000\u0000\u0000\u0000\u0000\u0000\u0000\u0000\u0000\u0000\u0018\u0000\u0000\u0000\u0000\u0000\u0000\u0000\u0000\u0000\u0000\u0000\u0000\u0000\u0000\u0000\u0001\u0000\u0000\u0000\u0000\u0000\u0000\u0018\u0000\u0000\u0015com.apple.quarantine\u0000q/0081;68b55d64;Chrome;\u0000",
    "bmevideo/BMEVideoPlayerView.swift": "import Foundation\nimport UIKit\nimport React\nimport AVFoundation  // Needed for AVPlayerLayer and AVLayerVideoGravity\n\n@objc(BMEVideoPlayerView)\nclass BMEVideoPlayerView: UIView {\n  \n  private var player: BMEVideoPlayer?\n  private var playerLayer: AVPlayerLayer?\n  private var source: NSDictionary?\n\n  override init(frame: CGRect) {\n    super.init(frame: frame)\n    backgroundColor = .black\n    setupTapGestures()\n  }\n\n  required init?(coder: NSCoder) {\n    super.init(coder: coder)\n    setupTapGestures()\n  }\n\n  private func setupTapGestures() {\n    let tap = UITapGestureRecognizer(target: self, action: #selector(handleTap(_:)))\n    addGestureRecognizer(tap)\n  }\n\n  @objc private func handleTap(_ g: UITapGestureRecognizer) {\n    // Toggle controls or forward to RN via event emitter if needed\n  }\n\n  @objc func setSource(_ src: NSDictionary) {\n    source = src\n    guard let uri = src[\"uri\"] as? String, let url = URL(string: uri) else { return }\n    let autoplay = (src[\"autoplay\"] as? Bool) ?? false\n    let playURL = CacheProvider.shared.playbackURL(for: url)\n\n    let p = PlayerPool.shared.acquire()\n    p.listener = self\n",
    "__MACOSX/bmevideo/._BMEVideoPlayerView.swift": "\u0000\u0005\u0016\u0007\u0000\u0002\u0000\u0000Mac OS X        \u0000\u0002\u0000\u0000\u0000\t\u0000\u0000\u00002\u0000\u0000\u0001K\u0000\u0000\u0000\u0002\u0000\u0000\u0001}\u0000\u0000\u0000\u0000\u0000\u0000\u0000\u0000\u0000\u0000\u0000\u0000\u0000\u0000\u0000\u0000\u0000\u0000\u0000\u0000\u0000\u0000\u0000\u0000\u0000\u0000\u0000\u0000\u0000\u0000\u0000\u0000\u0000\u0000\u0000\u0000\u0000\u0000ATTR\u0000\u0000\u0000\u0000\u0000\u0000\u0001}\u0000\u0000\u0000\u0000\u0000\u0000\u0000\u0000\u0000\u0000\u0000\u0000\u0000\u0000\u0000\u0000\u0000\u0000\u0000\u0000\u0000\u0002\u0000\u0000\u0000\u0000\u0000\u0000\u0010\u0000\u0000\u001acom.apple.lastuseddate#PS\u0000\u0000\u0000\u0000\u0000\u0000\u0000\u0000\u0000\u0000\u0000\u00007com.apple.metadata:kMDLabel_lsp2ktzdpeg7rsilbgjz6ayuuu\u0000\u0000\u0000dh\u0000\u0000\u0000\u0000U5\u0000\u0000\u0000\u0000dK=(\u000f\u0000\u00023|L,\u0014\u00b9eu\u001b\u00f2qs:@|\u0012(l\u001b-A*}]9p,:a\n\u0006,.\u00017VY1F;cx\u0001{!-Kg2\u0010\u0018)b&g\u059dK\u0005\u0001X\u0013\u07b1GE9WfBJJC)",
    "bmevideo/BMEVideoPlayerPackage.swift": "import Foundation\n// Placeholder to mirror Android's BMEVideoPlayerPackage.kt organization.\n// iOS modules are registered via Swift classes and bridging header.\n",
    "__MACOSX/bmevideo/._BMEVideoPlayerPackage.swift": "\u0000\u0005\u0016\u0007\u0000\u0002\u0000\u0000Mac OS X        \u0000\u0002\u0000\u0000\u0000\t\u0000\u0000\u00002\u0000\u0000\u0000\u0000\u0000\u0000\u0002\u0000\u0000\u0000\u0000\u0000\u0000\u0000\u0000\u0000\u0000\u0000\u0000\u0000\u0000\u0000\u0000\u0000\u0000\u0000\u0000\u0000\u0000\u0000\u0000\u0000\u0000\u0000\u0000\u0000\u0000\u0000\u0000\u0000\u0000\u0000\u0000\u0000\u0000\u0000\u0000\u0000ATTR\u0000\u0000\u0000\u0000\u0000\u0000\u0000\u0000\u0000\u0000\u0000\u0000\u0000(\u0000\u0000\u0000\u0000\u0000\u0000\u0000\u0000\u0000\u0000\u0000\u0000\u0000\u0000\u0000\u0002\u0000\u0000\u0000\u0000\u0000\u0000\u0010\u0000\u0000\u001acom.apple.lastuseddate#PS\u0000\u0000\u0000\u0000\u0000\u0000\u0000\u0000\u0000\u0000\u0018\u0000\u0000\u0015com.apple.quarantine\u0000\u0017gh\u0000\u0000\u0000\u0000iu+\u0000\u0000\u0000\u0000q/0081;68b55d64;Chrome;\u0000",
    "bmevideo/CacheProvider.swift": "import Foundation\nimport CommonCrypto\n\nclass CacheProvider {\n  static let shared = CacheProvider()\n  private let cacheDir: URL\n\n  private init() {\n    let fm = FileManager.default\n    let caches = fm.urls(for: .cachesDirectory, in: .userDomainMask).first!\n    cacheDir = caches.appendingPathComponent(\"BMEVideoCache\", isDirectory: true)\n    if !fm.fileExists(atPath: cacheDir.path) {\n      try? fm.createDirectory(at: cacheDir, withIntermediateDirectories: true, attributes: nil)\n    }\n  }\n\n  func cachedFileURL(for url: URL) -> URL {\n    let filename = url.absoluteString.sha256()\n    return cacheDir.appendingPathComponent(filename)\n  }\n\n  func exists(_ url: URL) -> Bool {\n    let p = cachedFileURL(for: url).path\n    return FileManager.default.fileExists(atPath: p)\n  }\n\n  func save(data: Data, for url: URL) throws {\n    let dest = cachedFileURL(for: url)\n    try data.write(to: dest, options: .atomic)\n  }\n\n  func playbackURL(for url: URL) -> URL {\n    let cached = cachedFileURL(for: url)\n    if FileManager.default.fileExists(atPath: cached.path) {\n      return cached\n    } else {\n      return url\n    }\n  }\n}\n",
    "__MACOSX/bmevideo/._CacheProvider.swift": "\u0000\u0005\u0016\u0007\u0000\u0002\u0000\u0000Mac OS X        \u0000\u0002\u0000\u0000\u0000\t\u0000\u0000\u00002\u0000\u0000\u0000\u0000\u0000\u0000\u0002\u0000\u0000\u0000\u0000\u0000\u0000\u0000\u0000\u0000\u0000\u0000\u0000\u0000\u0000\u0000\u0000\u0000\u0000\u0000\u0000\u0000\u0000\u0000\u0000\u0000\u0000\u0000\u0000\u0000\u0000\u0000\u0000\u0000\u0000\u0000\u0000\u0000\u0000\u0000\u0000\u0000ATTR\u0000\u0000\u0000\u0000\u0000\u0000\u0000\u0000\u0000\u0000\u0000\u0000\u0000(\u0000\u0000\u0000\u0000\u0000\u0000\u0000\u0000\u0000\u0000\u0000\u0000\u0000\u0000\u0000\u0002\u0000\u0000\u0000\u0000\u0000\u0000\u0010\u0000\u0000\u001acom.apple.lastuseddate#PS\u0000\u0000\u0000\u0000\u0000\u0000\u0000\u0000\u0000\u0000\u0018\u0000\u0000\u0015com.apple.quarantine\u0000+gh\u0000\u0000\u0000\u0000n8\u0000\u0000\u0000\u0000q/0081;68b55d64;Chrome;\u0000",
    "bmevideo/BMEVideoPlayer.swift": "import Foundation\nimport AVFoundation\nimport UIKit\n\nclass BMEVideoPlayer: NSObject {\n  private(set) var player: AVPlayer?\n  private var item: AVPlayerItem?\n  private var timeToken: Any?\n  private var statusObs: NSKeyValueObservation?\n  private var timeControlObs: NSKeyValueObservation?\n  weak var listener: PlayerEventListener?\n\n  deinit { release() }\n\n  func load(url: URL, autoplay: Bool = false) {\n    releaseItem()\n    let asset = AVURLAsset(url: url)\n    let it = AVPlayerItem(asset: asset)\n    item = it\n    player = AVPlayer(playerItem: it)\n    observe(item: it)\n    addTimeObserver()\n    if autoplay { player?.play() }\n  }\n\n  private func observe(item: AVPlayerItem) {\n    statusObs = item.observe(\\AVPlayerItem.status, options: [.new, .initial]) { [weak self] it, _ in\n      guard let self = self else { return }\n      switch it.status {\n      case .readyToPlay:\n        let dur = CMTimeGetSeconds(it.duration)\n        var w = 0, h = 0\n        if let track = it.asset.tracks(withMediaType: .video).first {\n          let size = track.naturalSize.applying(track.preferredTransform)\n          w = Int(abs(size.width)); h = Int(abs(size.height))\n        }\n        self.listener?.onLoad(duration: dur.isFinite ? dur : 0, width: w, height: h)\n      case .failed:\n        if let err = it.error {\n          self.listener?.onError(err.localizedDescription)\n",
    "__MACOSX/bmevideo/._BMEVideoPlayer.swift": "\u0000\u0005\u0016\u0007\u0000\u0002\u0000\u0000Mac OS X        \u0000\u0002\u0000\u0000\u0000\t\u0000\u0000\u00002\u0000\u0000\u0000~\u0000\u0000\u0000\u0002\u0000\u0000\u0000\u0000\u0000\u0000\u0000\u0000\u0000\u0000\u0000\u0000\u0000\u0000\u0000\u0000\u0000\u0000\u0000\u0000\u0000\u0000\u0000\u0000\u0000\u0000\u0000\u0000\u0000\u0000\u0000\u0000\u0000\u0000\u0000\u0000\u0000\u0000\u0000\u0000\u0000ATTR\u0000\u0000\u0000\u0000\u0000\u0000\u0000\u0000\u0000\u0000\u0000\u0000\u0000\u0018\u0000\u0000\u0000\u0000\u0000\u0000\u0000\u0000\u0000\u0000\u0000\u0000\u0000\u0000\u0000\u0001\u0000\u0000\u0000\u0000\u0000\u0000\u0018\u0000\u0000\u0015com.apple.quarantine\u0000q/0081;68b55d64;Chrome;\u0000",
    "bmevideo/BMEVideoPlayerEvent.swift": "import Foundation\n\nstruct BMEVideoPlayerEvent {\n  static let onLoad = \"onLoad\"\n  static let onProgress = \"onProgress\"\n  static let onBuffer = \"onBuffer\"\n  static let onError = \"onError\"\n  static let onEnd = \"onEnd\"\n  static let onReady = \"onReady\"\n}\n",
    "__MACOSX/bmevideo/._BMEVideoPlayerEvent.swift": "\u0000\u0005\u0016\u0007\u0000\u0002\u0000\u0000Mac OS X        \u0000\u0002\u0000\u0000\u0000\t\u0000\u0000\u00002\u0000\u0000\u0000~\u0000\u0000\u0000\u0002\u0000\u0000\u0000\u0000\u0000\u0000\u0000\u0000\u0000\u0000\u0000\u0000\u0000\u0000\u0000\u0000\u0000\u0000\u0000\u0000\u0000\u0000\u0000\u0000\u0000\u0000\u0000\u0000\u0000\u0000\u0000\u0000\u0000\u0000\u0000\u0000\u0000\u0000\u0000\u0000\u0000ATTR\u0000\u0000\u0000\u0000\u0000\u0000\u0000\u0000\u0000\u0000\u0000\u0000\u0000\u0018\u0000\u0000\u0000\u0000\u0000\u0000\u0000\u0000\u0000\u0000\u0000\u0000\u0000\u0000\u0000\u0001\u0000\u0000\u0000\u0000\u0000\u0000\u0018\u0000\u0000\u0015com.apple.quarantine\u0000q/0081;68b55d64;Chrome;\u0000"
  }
}